{
  "pages": [
    {
      "page_number": 1,
      "ocr_score": 0.6941203492808138,
      "source": "docling"
    },
    {
      "page_number": 2,
      "ocr_score": 0.6105246047880352,
      "source": "docling"
    },
    {
      "page_number": 3,
      "ocr_score": 0.6620132818183699,
      "source": "docling"
    },
    {
      "page_number": 4,
      "ocr_score": 0.6820695782897594,
      "source": "docling"
    }
  ]
}