{
  "pages": [
    {
      "page_number": 1,
      "ocr_score": 0.6998198614334672,
      "source": "docling"
    },
    {
      "page_number": 2,
      "ocr_score": 0.7005125141816949,
      "source": "docling"
    },
    {
      "page_number": 3,
      "ocr_score": 0.6542328635970134,
      "source": "docling"
    }
  ]
}