{
  "pages": [
    {
      "page_number": 1,
      "ocr_score": 0.6901931108746431,
      "source": "docling"
    },
    {
      "page_number": 2,
      "ocr_score": 0.7379535263773431,
      "source": "docling"
    },
    {
      "page_number": 3,
      "ocr_score": 0.6304404974189888,
      "source": "docling"
    }
  ]
}