{
  "pages": [
    {
      "page_number": 1,
      "ocr_score": 0.48281714328475017,
      "source": "sarvam"
    },
    {
      "page_number": 2,
      "ocr_score": 0.48392879708497116,
      "source": "sarvam"
    },
    {
      "page_number": 3,
      "ocr_score": 0.5378154056118967,
      "source": "sarvam"
    }
  ]
}