{
  "pages": [
    {
      "page_number": 1,
      "ocr_score": 0.6861742037180715,
      "source": "docling"
    },
    {
      "page_number": 2,
      "ocr_score": 0.6659500095372283,
      "source": "docling"
    },
    {
      "page_number": 3,
      "ocr_score": 0.6581771292484322,
      "source": "docling"
    }
  ]
}